{"count":1,"self":17617.956044799997,"total":44569.270411,"children":{"InitializeActuators":{"count":1,"self":0.0020005,"total":0.0020005,"children":null},"InitializeSensors":{"count":1,"self":0.0010004,"total":0.0010004,"children":null},"AgentSendState":{"count":1442767,"self":81.908569599999993,"total":224.0117479,"children":{"CollectObservations":{"count":1441894,"self":24.4140768,"total":24.414077,"children":null},"CollectDiscreteActionMasks":{"count":1441894,"self":10.629765599999999,"total":10.6297657,"children":null},"RequestDecision":{"count":1441894,"self":30.389331199999997,"total":107.0593371,"children":{"AgentInfo.ToProto":{"count":1441894,"self":23.6750112,"total":76.670004699999993,"children":{"GenerateSensorData":{"count":1441894,"self":52.994991999999996,"total":52.9949927,"children":null}}}}}}},"DecideAction":{"count":1442767,"self":7227.7745663999995,"total":7227.7744007,"children":null},"AgentAct":{"count":1442767,"self":19498.490265599998,"total":19498.9688459,"children":{"AgentInfo.ToProto":{"count":9420,"self":0.1440542,"total":0.47916739999999997,"children":{"GenerateSensorData":{"count":9420,"self":0.3351132,"total":0.3351132,"children":null}}}}},"AgentInfo.ToProto":{"count":9858,"self":0.19605499999999998,"total":0.5561649,"children":{"GenerateSensorData":{"count":9858,"self":0.3601099,"total":0.3601099,"children":null}}}},"gauges":{"EnemyAgent.CumulativeReward":{"count":19278,"max":10,"min":-1,"runningAverage":1.61733329,"value":-1,"weightedAverage":1.69466686}},"metadata":{"timer_format_version":"0.1.0","start_time_seconds":"1616434728","unity_version":"2019.4.15f1","command_line_arguments":"C:\\Program Files\\Unity\\Hub\\Editor\\2019.4.15f1\\Editor\\Unity.exe -projectpath C:\/Users\/denni\/Projekte\/aurea\/Aurea -useHub -hubIPC -cloudEnvironment production -hubSessionId a7988840-8b2e-11eb-9531-074e1a03050a -accessToken seIzolU1-LLQuyqD46-mwEKtnVr4FsvQ1pxAn_Im3IU008f","communication_protocol_version":"1.2.0","com.unity.ml-agents_version":"1.5.0-preview","scene_name":"Game","end_time_seconds":"1616479297"}}